,standard_poverty_households,market_income_below_line_households,no_work_below_line_households,standard_poverty_persons,market_income_below_line_persons,no_work_below_line_persons
2017,0.18352254033414042,0.27984520076682134,0.7739503467179939,0.21207217619957855,0.277646987340119,0.8550377612622398
2018,0.17993471729878532,0.2728757098255577,0.7766455406279953,0.21154031353255628,0.27576633904043785,0.8592779396947566
